{
  "token_acc": 1.0,
  "token_p": 0.9990295973,
  "token_r": 0.9995068547,
  "token_f": 0.9992604644,
  "pos_acc": 0.9436473894,
  "morph_acc": 0.8869496623,
  "morph_micro_p": 0.9464935242,
  "morph_micro_r": 0.9440545214,
  "morph_micro_f": 0.9452724495,
  "morph_per_feat": {
    "Abbr": {
      "p": 0.974025974,
      "r": 0.8064516129,
      "f": 0.8823529412
    },
    "Case": {
      "p": 0.9257219162,
      "r": 0.9246415472,
      "f": 0.9251814163
    },
    "Gender": {
      "p": 0.9160407278,
      "r": 0.9149716572,
      "f": 0.9155058804
    },
    "Number": {
      "p": 0.9679607447,
      "r": 0.9681004619,
      "f": 0.9680305983
    },
    "Aspect": {
      "p": 0.90562249,
      "r": 0.90562249,
      "f": 0.90562249
    },
    "Mood": {
      "p": 0.973347548,
      "r": 0.9817204301,
      "f": 0.97751606
    },
    "Person": {
      "p": 0.971281296,
      "r": 0.9663003663,
      "f": 0.9687844289
    },
    "Tense": {
      "p": 0.9391979301,
      "r": 0.9465449804,
      "f": 0.9428571429
    },
    "VerbForm": {
      "p": 0.9648594378,
      "r": 0.9648594378,
      "f": 0.9648594378
    },
    "Voice": {
      "p": 0.9457831325,
      "r": 0.9457831325,
      "f": 0.9457831325
    },
    "Definite": {
      "p": 0.9903518729,
      "r": 0.9977129788,
      "f": 0.9940187981
    },
    "PronType": {
      "p": 0.9880843263,
      "r": 0.9871794872,
      "f": 0.9876316995
    },
    "Foreign": {
      "p": 0.6791044776,
      "r": 0.5652173913,
      "f": 0.6169491525
    },
    "NumType": {
      "p": 0.9615384615,
      "r": 0.8536585366,
      "f": 0.9043927649
    },
    "Poss": {
      "p": 0.9285714286,
      "r": 0.8764044944,
      "f": 0.901734104
    },
    "Degree": {
      "p": 0.6785714286,
      "r": 0.5,
      "f": 0.5757575758
    }
  },
  "sents_p": 0.9197080292,
  "sents_r": 0.9379652605,
  "sents_f": 0.9287469287,
  "dep_uas": 0.8457438039,
  "dep_las": 0.8013408804,
  "dep_las_per_type": {},
  "lemma_acc": 0.8857664054,
  "tag_acc": 0.9136715476,
  "ents_p": 0.7117117117,
  "ents_r": 0.6638655462,
  "ents_f": 0.6869565217,
  "ents_per_type": {
    "PERSON": {
      "p": 0.82,
      "r": 0.640625,
      "f": 0.7192982456
    },
    "GPE": {
      "p": 0.7415730337,
      "r": 0.7586206897,
      "f": 0.75
    },
    "ORG": {
      "p": 0.6025641026,
      "r": 0.661971831,
      "f": 0.6308724832
    },
    "PRODUCT": {
      "p": 0.5,
      "r": 0.125,
      "f": 0.2
    },
    "EVENT": {
      "p": 1.0,
      "r": 0.5,
      "f": 0.6666666667
    },
    "LOC": {
      "p": 0.0,
      "r": 0.0,
      "f": 0.0
    }
  },
  "speed": 10345.4245329374
}